件名,カテゴリ,ニュース日時,URL
さんま&たけし、お笑い界トップ2人の"認め合う"関係に「素敵すぎる」の声,エンタメ,2017/11/27 13:14,http://news.mynavi.jp/article/20171127-548443/
明日のわろてんか：11月28日　第50回　藤吉のダメ夫ぶりに風太が激…,エンタメ,2017/11/27 13:00,http://news.mynavi.jp/article/20171127-548447/
「ONE PIECE」トランプがジャンプに、表紙には読者が描いたルフィ100体,ホビー,2017/11/27 12:58,http://news.mynavi.jp/article/20171127-548445/
高瀬志帆、沖田×華、手原和憲のスピ新連載が発売前に読める、先着200名限定,ホビー,2017/11/27 12:58,http://news.mynavi.jp/article/20171127-548446/
日立システムズ、ドローン運用統合管理サービスのデータ加工・診断機能強化,企業IT,2017/11/27 12:55,http://news.mynavi.jp/article/20171127-548439/
ボーズ、Google アシスタント対応のノイキャンヘッドホン「QC35 II」,スマホとデジタル家電,2017/11/27 12:53,http://news.mynavi.jp/article/20171127-548423/
ピコ太郎：“オワコン”扱いにニヤリ　「まあまあ長いんだな」,エンタメ,2017/11/27 12:46,http://news.mynavi.jp/article/20171127-548448/
武井咲に代わり、間宮祥太朗が“脅迫”！ナンパ師役に絶賛の声「口説かれてぇ～」,エンタメ,2017/11/27 12:45,http://news.mynavi.jp/article/20171127-548459/
島崎遥香、クリスマスは「イケメンと過ごしたい」- その予定は?,エンタメ,2017/11/27 12:41,http://news.mynavi.jp/article/20171127-548441/
富士通、シトリックスのデスクトップVDIをクラウドサービスとして提供,企業IT,2017/11/27 12:38,http://news.mynavi.jp/article/20171127-548440/
ピコ太郎、最近忖度した相手は「100%トランプさん」,エンタメ,2017/11/27 12:36,http://news.mynavi.jp/article/20171127-548437/
日立システムズ、ドローン運用サービスの機能強化-写真から3Dモデルを作成,テクノロジー,2017/11/27 12:32,http://news.mynavi.jp/article/20171127-548385/
Uberの情報漏洩から学ぶべき3つのこと,企業IT,2017/11/27 12:30,http://news.mynavi.jp/article/20171127-548387/
円の行方、ドルの行方 第115回,マネー,2017/11/27 12:30,http://news.mynavi.jp/article/mizukami-115/
杜の都 仙台をケヤキを眺めながらまったり散歩,旅と乗りもの,2017/11/27 12:14,http://news.mynavi.jp/article/20171127-548433/
やっぱり気になる人気のアウトレットでショッピング,旅と乗りもの,2017/11/27 12:14,http://news.mynavi.jp/article/20171127-548434/
神戸でおいしい地ビールを飲むなら絶対にココ！,旅と乗りもの,2017/11/27 12:14,http://news.mynavi.jp/article/20171127-548435/
『仮面ライダー電王』憑依演技に見る佐藤健の非凡さ - プロデューサーが明かす演出の裏側,ホビー,2017/11/27 12:14,http://news.mynavi.jp/article/20171127-kamenrider/
はじめてみようPCゲーム - まだ間に合う！ Steamオータムセールで大作ゲームをお得に入手,パソコン,2017/11/27 12:13,http://news.mynavi.jp/article/20171127-steamsale/
どうぶつの森 ポケットキャンプ：おじさんゲーマーがまったり遊んでみた…,ホビー,2017/11/27 12:10,http://news.mynavi.jp/article/20171127-548449/
『監獄のお姫さま』劇中ドラマ、TVerで10万回再生突破！坂井真紀出演で新展開,エンタメ,2017/11/27 12:10,http://news.mynavi.jp/article/20171127-548460/
欅坂46原田葵：17歳の“イジられキャラ”が「ヤンマガ」に　制服姿を…,エンタメ,2017/11/27 12:05,http://news.mynavi.jp/article/20171127-548395/
他県民には全然わからん？！戦車までデコる、名古屋市民の金シャチ愛！,エンタメ,2017/11/27 12:05,http://news.mynavi.jp/article/20171127-548461/
神無月、吉田鋼太郎ご本人とものまね共演 - 一瞬判別不能の瓜二つぶり,エンタメ,2017/11/27 12:00,http://news.mynavi.jp/article/20171127-548299/
ドラマ『バイバイ､ブラックバード』に前田敦子､石橋杏奈､板谷由夏らが出演,エンタメ,2017/11/27 12:00,http://news.mynavi.jp/article/20171127-548355/
神奈月と吉田鋼太郎が“ものまね共演”「ここ10年の中で一番良い作品」,エンタメ,2017/11/27 12:00,http://news.mynavi.jp/article/20171127-548409/
城田優、清野菜名に「お姫様抱っこ」をご褒美『トットちゃん！』,エンタメ,2017/11/27 12:00,http://news.mynavi.jp/article/20171127-548410/
石井明美：「CHA-CHA-CHA」で一世風靡も“劣化”で話題？　老…,エンタメ,2017/11/27 12:00,http://news.mynavi.jp/article/20171127-548396/
雨のパレードがWOWOW『LIVE TIPS』と連動ワンマンライブ!,エンタメ,2017/11/27 12:00,http://news.mynavi.jp/article/20171127-548353/
まゆさん,ライフスタイル,2017/11/27 12:00,http://news.mynavi.jp/article/20171127-548421/
